ideltter,idtercmplx,cdepaysiso4n,incl,ordaff,ord_list
96696359,93896067,2136,1,0,1.0
6487071,5981288,2136,1,0,1.0
86548948,83782236,2136,1,0,1.0
17965598,16498932,2136,1,0,1.0
13900762,12778657,180,1,0,2.0
148985827,146047930,2136,1,0,1.0
113855797,111021161,2136,1,0,1.0
129544394,126666981,2136,1,0,1.0
116204983,113363321,2136,1,0,1.0
13900772,12778666,2136,1,0,1.0
104814535,102003403,2136,1,0,1.0
17895803,16431603,2136,1,0,1.0
13900761,12778657,56,1,0,1.0
153539069,150490800,2136,1,0,1.0
13900756,12778652,890,1,0,2.0
13900767,12778662,276,1,0,1.0
110317972,107489041,2136,1,0,1.0
76974268,74225547,2136,1,0,1.0
156767703,153659627,2136,1,0,1.0
56975028,54282641,2136,1,0,1.0
23554064,21105550,2136,1,0,1.0
168305467,165085060,2136,1,0,1.0
109870466,107042674,2136,1,0,1.0
18147887,16654556,2136,1,0,1.0
52649926,49966017,2136,1,0,1.0
29961342,27366517,2136,1,0,1.0
13900779,12778670,380,1,0,1.0
21223051,18931789,2136,1,0,1.0
36520051,33901135,2136,1,0,1.0
13900768,12778662,616,1,0,2.0
138047484,135143937,2136,1,0,1.0
13900754,12778652,40,1,0,1.0
90434155,87645423,2136,1,0,1.0
3826047,3517604,2136,1,0,1.0
119559918,116704806,2136,1,0,1.0
44925380,42251995,2136,1,0,1.0
155995194,152909547,2136,1,0,1.0
153168259,150123306,2136,1,0,1.0
52249450,49565982,2136,1,0,1.0
153875750,150825597,2136,1,0,1.0
151699017,148672232,2136,1,0,1.0
39055375,36422604,2136,1,0,1.0
123625076,120764748,2136,1,0,1.0
166284862,163096745,2136,1,0,1.0
39727904,37092463,2136,1,0,1.0
13900757,12778652,348,1,0,3.0
116701789,113859462,2136,1,0,1.0
156869435,153760484,2136,1,0,1.0
14141212,12983327,2136,1,0,1.0
153686294,150636492,308,0,7,7.0
116717052,113874634,2136,1,0,1.0
107786425,104960167,3017,1,0,2.0
114721663,111882533,56,1,0,4.0
168094131,164875894,484,0,3,3.0
110339162,107510038,442,1,0,3.0
36458996,33846882,504,0,0,7.0
19107673,17252801,2136,1,0,1.0
116244026,113402245,442,1,0,3.0
153890186,150839949,196,0,14,14.0
172466892,169202149,124,1,1,1.0
115257302,112417523,442,1,0,3.0
114012874,111176447,442,1,0,3.0
107285474,104461446,380,0,0,2.0
95856965,93056953,56,1,0,4.0
103842825,101034259,380,0,0,2.0
36458997,33846882,12,0,0,8.0
100762747,97957251,442,1,0,3.0
108225807,105399425,2136,1,0,1.0
112710654,109880224,380,0,0,2.0
106283684,103465210,3017,0,3,3.0
153890178,150839949,52,0,6,6.0
110339163,107510038,56,1,0,4.0
153686313,150636492,166,0,26,26.0
103414336,100606204,2136,1,0,1.0
110853667,108024264,3017,1,0,2.0
153890181,150839949,662,0,9,9.0
99436794,96632498,2136,1,0,1.0
92544004,89748747,380,0,0,2.0
101671776,98864654,2136,1,0,1.0
99419166,96615271,3041,1,0,1.0
29861591,27276404,2121,1,0,1.0
26897627,24395985,380,0,0,2.0
153890202,150839949,2115,0,30,30.0
92539850,89744756,2136,1,0,1.0
35567305,32964127,2136,1,0,1.0
100771999,97966076,2136,1,0,1.0
101676137,98868960,2136,1,0,1.0
133679794,130789156,348,1,6,6.0
106283682,103465210,2136,1,1,1.0
112234685,109404580,2136,1,0,1.0
110339161,107510038,3017,1,0,2.0
30756042,28159174,3041,1,0,1.0
116678103,113835939,442,1,0,3.0
94437200,91638794,380,0,0,2.0
94917632,92118958,380,0,0,2.0
107285473,104461446,2136,1,0,1.0
153686289,150636492,84,0,2,2.0
35636400,33032193,3017,1,0,2.0
93965707,91168156,3017,0,0,3.0
31521598,28923116,3041,1,0,1.0
112683299,109852910,2136,1,0,1.0
153890177,150839949,28,0,5,5.0
93421851,90625357,2136,1,0,1.0
39045430,36415257,442,1,0,3.0
106170145,103357383,2136,1,0,1.0
93421852,90625357,380,0,0,2.0
114721660,111882533,3041,1,0,1.0
28600018,26087390,12,0,0,8.0
168094132,164875894,410,0,4,4.0
103833944,101025459,380,0,0,2.0
108727381,105900618,2136,1,0,1.0
93436753,90640114,2136,1,0,1.0
94419648,91621465,380,0,0,2.0
106177156,103364088,2136,1,0,1.0
169917525,166672673,2136,1,1,1.0
115187353,112347985,442,1,0,3.0
96293994,93493792,380,0,0,2.0
14279797,13072511,2136,1,0,1.0
105717476,102905673,3017,1,0,2.0
106233931,103420781,2136,1,0,1.0
108812577,105985699,2136,1,0,1.0
115264597,112424363,3041,1,0,1.0
28600014,26087390,818,0,0,4.0
103833808,101025388,2136,1,0,1.0
14189894,13020245,3041,1,0,3.0
91269794,88477249,2136,1,0,1.0
39045431,36415257,56,1,0,4.0
30736911,28140152,2136,1,0,1.0
116244027,113402245,56,1,0,4.0
153890175,150839949,212,0,3,3.0
103406333,100598399,442,1,0,3.0
92967674,90171959,3017,1,0,2.0
98990250,96186668,56,1,0,4.0
153890195,150839949,776,0,23,23.0
93408170,90612054,442,1,0,3.0
106735877,103912435,56,1,0,4.0
153686295,150636492,659,0,8,8.0
36458990,33846882,442,1,0,2.0
133679800,130789156,8,1,12,12.0
36458995,33846882,760,0,0,6.0
103406332,100598399,3017,1,0,2.0
91269795,88477249,380,0,0,2.0
28600011,26087390,3017,1,0,1.0
153890188,150839949,548,0,16,16.0
111762850,108933156,380,0,0,2.0
92544003,89748747,2136,1,0,1.0
110853669,108024264,56,1,0,4.0
73390521,70657991,2136,1,0,1.0
155665615,152593202,3017,1,2,2.0
103833728,101025344,3041,1,0,1.0
153890194,150839949,612,0,22,22.0
153686296,150636492,662,0,9,9.0
14314988,13096600,528,1,0,3.0
103833729,101025344,3017,1,0,2.0
117152841,114310128,2136,1,0,1.0
93959108,91161618,380,0,0,2.0
100753403,97948005,56,1,0,4.0
113831620,110997347,2136,1,0,1.0
35636402,33032193,56,1,0,4.0
109377365,106550083,3017,1,0,2.0
28600015,26087390,788,0,0,5.0
133679792,130789156,703,1,4,4.0
133679807,130789156,442,1,19,19.0
153686316,150636492,162,0,29,29.0
153890199,150839949,184,0,27,27.0
71556749,68828535,2136,1,0,1.0
101227573,98421071,2136,1,0,1.0
35567308,32964127,124,0,0,4.0
93408186,90612062,2136,1,0,1.0
153686291,150636492,388,0,4,4.0
39045428,36415257,3041,1,0,1.0
153890185,150839949,328,0,13,13.0
91260593,88469286,2136,1,0,1.0
116210212,113368544,2136,1,0,1.0
109886306,107058042,380,0,0,2.0
133679793,130789156,705,1,5,5.0
110339160,107510038,3041,1,0,1.0
133679818,130789156,233,1,30,30.0
153890179,150839949,308,0,7,7.0
102101566,99294359,2136,1,0,1.0
93408171,90612054,56,1,0,4.0
14258061,13059447,2136,1,0,1.0
133679806,130789156,528,1,18,18.0
106207791,103394593,3017,0,0,2.0
117597625,114754131,2136,1,0,1.0
98990260,96186675,2136,1,0,1.0
155665616,152593202,442,1,3,3.0
153890174,150839949,84,0,2,2.0
41661092,38998733,3017,0,0,3.0
114721661,111882533,3017,1,0,2.0
100762746,97957251,3017,1,0,2.0
92129808,89335329,442,1,0,3.0
153890193,150839949,798,0,21,21.0
112643810,109813644,2136,1,0,1.0
116244024,113402245,3041,1,0,1.0
92115931,89322011,2136,1,0,1.0
112683268,109852902,2136,1,0,1.0
94437199,91638794,2136,1,0,1.0
118109353,115263281,2136,1,0,1.0
24197791,21741788,2121,1,0,1.0
153686292,150636492,28,0,5,5.0
115264600,112424363,56,1,0,4.0
116702670,113860328,380,0,0,2.0
100753401,97948005,3017,1,0,2.0
92967673,90171959,3041,1,0,1.0
116678101,113835939,3041,1,0,1.0
35636399,33032193,3041,1,0,1.0
133679804,130789156,724,1,16,16.0
133679801,130789156,901,1,13,13.0
14240638,13049168,3017,0,0,3.0
90416949,87628679,2136,1,0,1.0
92129809,89335329,56,1,0,4.0
117585567,114742235,2136,1,0,1.0
100767875,97961993,380,0,0,2.0
153686300,150636492,328,0,13,13.0
90862599,88071631,442,1,0,3.0
14200150,13025700,2039,1,0,1.0
106189653,103376511,2136,1,0,1.0
17227205,15809968,2136,1,0,1.0
95876912,93076747,380,0,0,2.0
94875886,92077254,380,0,0,2.0
116678104,113835939,56,1,0,4.0
103833731,101025344,56,1,0,4.0
153890183,150839949,670,0,11,11.0
35567307,32964127,442,0,0,3.0
90405125,87618254,2136,1,0,1.0
107776924,104950738,2136,1,0,1.0
109377367,106550083,56,1,0,4.0
133679789,130789156,792,1,1,1.0
31549137,28950404,2136,1,0,1.0
92962709,90167145,2136,1,0,1.0
112710653,109880224,2136,1,0,1.0
133679803,130789156,620,1,15,15.0
104386564,101575545,3017,1,0,2.0
92539851,89744756,380,0,0,2.0
91281079,88488422,3017,1,0,2.0
153686318,150636492,2116,0,31,31.0
92967676,90171959,56,1,0,4.0
90405126,87618254,380,0,0,2.0
153890173,150839949,2136,1,1,1.0
153686298,150636492,670,0,11,11.0
94411864,91613772,380,0,0,2.0
106272899,103454693,380,0,0,2.0
111762849,108933156,2136,1,0,1.0
103406331,100598399,3041,1,0,1.0
114682447,111843841,2136,1,0,1.0
153890203,150839949,2116,0,31,31.0
109377366,106550083,442,1,0,3.0
93408169,90612054,3017,1,0,2.0
133679814,130789156,578,1,26,26.0
105258124,102446806,2136,1,0,1.0
103833943,101025459,2136,1,0,1.0
36458993,33846882,788,0,0,5.0
115257301,112417523,3017,1,0,2.0
168094133,164875894,32,0,5,5.0
100762748,97957251,56,1,0,4.0
153686314,150636492,184,0,27,27.0
14219961,13037608,56,1,0,3.0
110853668,108024264,442,1,0,3.0
107786427,104960167,56,1,0,4.0
91694386,88901144,380,0,0,2.0
104386565,101575545,442,1,0,3.0
100767874,97961993,2136,1,0,1.0
110871391,108041881,124,0,0,4.0
35636401,33032193,442,1,0,3.0
133679822,130789156,428,1,34,34.0
96729527,93929135,380,0,0,2.0
94419647,91621465,2136,1,0,1.0
102101568,99294359,442,0,0,3.0
106207792,103394593,442,0,0,3.0
153686304,150636492,826,0,17,17.0
41661090,38998733,2136,1,0,1.0
117164054,114321088,3041,1,0,1.0
172466893,169202149,840,1,2,2.0
102530806,99723442,2136,1,0,1.0
97979673,95177557,3017,1,0,2.0
75115328,72370663,2136,1,0,1.0
153890182,150839949,780,0,10,10.0
153686307,150636492,520,0,20,20.0
106207790,103394593,2136,1,0,1.0
106735881,103912437,2136,1,0,1.0
114721662,111882533,442,1,0,3.0
110871389,108041881,3017,0,0,2.0
90862598,88071631,3017,1,0,2.0
116702669,113860328,2136,1,0,1.0
102101567,99294359,3017,0,0,2.0
153890191,150839949,296,0,19,19.0
115187352,112347985,3017,1,0,2.0
94411863,91613772,2136,1,0,1.0
112683300,109852910,380,0,0,2.0
153890197,150839949,882,0,25,25.0
14219959,13037608,3017,1,0,1.0
104386566,101575545,56,1,0,4.0
98990249,96186668,442,1,0,3.0
93436754,90640114,380,0,0,2.0
153890201,150839949,162,0,29,29.0
133679813,130789156,352,1,25,25.0
95876911,93076747,2136,1,0,1.0
102541718,99734151,2136,1,0,1.0
28600012,26087390,442,1,0,2.0
90862597,88071631,3041,1,0,1.0
153686312,150636492,882,0,25,25.0
30761472,28164426,442,1,0,2.0
109886305,107058042,2136,1,0,1.0
153890184,150839949,44,0,12,12.0
153686297,150636492,780,0,10,10.0
14219960,13037608,442,1,0,2.0
91281078,88488422,3041,1,0,1.0
92120448,89326374,380,0,0,2.0
90849011,88058573,2136,1,0,1.0
133679798,130789156,688,1,10,10.0
116678102,113835939,3017,1,0,2.0
96293993,93493792,2136,1,0,1.0
99419169,96615271,56,1,0,4.0
89958274,87176118,380,0,0,2.0
30756043,28159174,442,1,0,2.0
14240637,13049168,442,1,0,2.0
30761471,28164426,3041,1,0,1.0
115264797,112424396,2136,1,0,1.0
94917631,92118958,2136,1,0,1.0
100762745,97957251,3041,1,0,1.0
19107674,17252801,380,0,0,2.0
102520050,99712645,2136,1,0,1.0
106735874,103912435,3041,1,0,1.0
153686302,150636492,90,0,15,15.0
133679824,130789156,372,1,36,36.0
117164057,114321088,56,1,0,4.0
107786424,104960167,3041,1,0,1.0
97979672,95177557,3041,1,0,1.0
133679810,130789156,752,1,22,22.0
114012875,111176447,56,1,0,4.0
92115932,89322011,380,0,0,2.0
103406334,100598399,56,1,0,4.0
92962710,90167145,380,0,0,2.0
94433661,91635431,380,0,0,2.0
155665614,152593202,3041,1,1,1.0
153686315,150636492,574,0,28,28.0
153686308,150636492,798,0,21,21.0
100772000,97966076,380,0,0,2.0
168094130,164875894,840,0,2,2.0
97979675,95177557,56,1,0,4.0
35567306,32964127,3017,0,0,2.0
112643811,109813644,380,0,0,2.0
96729505,93929121,2136,1,0,1.0
133679809,130789156,276,1,21,21.0
89958273,87176118,2136,1,0,1.0
115264599,112424363,442,1,0,3.0
93965705,91168156,2136,1,0,1.0
106225619,103412500,2136,1,0,1.0
115730050,112889296,2136,1,0,1.0
110871388,108041881,2136,1,0,1.0
116244025,113402245,3017,1,0,2.0
96754597,93953998,2136,1,0,1.0
14189896,13020245,442,1,0,4.0
106170148,103357383,124,0,0,4.0
92543865,89748631,2136,1,0,1.0
153890176,150839949,388,0,4,4.0
102109298,99301942,380,0,0,2.0
94433660,91635431,2136,1,0,1.0
98990248,96186668,3017,1,0,2.0
100753402,97948005,442,1,0,3.0
95856964,93056953,442,1,0,3.0
133679821,130789156,440,1,33,33.0
26897626,24395985,2136,1,0,1.0
102541719,99734151,380,0,0,2.0
14314986,13096600,40,1,0,1.0
117152842,114310128,380,0,0,2.0
104830147,102018932,2136,1,0,1.0
92129806,89335329,3041,1,0,1.0
102109297,99301942,2136,1,0,1.0
169917526,166672673,3017,0,2,2.0
153686303,150636492,548,0,16,16.0
133679812,130789156,246,1,24,24.0
97979674,95177557,442,1,0,3.0
101227574,98421071,380,0,0,2.0
133679808,130789156,380,1,20,20.0
105712447,102900696,2136,1,0,1.0
133679795,130789156,642,1,7,7.0
104386563,101575545,3041,1,0,1.0
99419168,96615271,442,1,0,3.0
92129807,89335329,3017,1,0,2.0
101671777,98864654,380,0,0,2.0
153686305,150636492,470,0,18,18.0
116244230,113402329,2136,1,0,1.0
153686311,150636492,598,0,24,24.0
96754598,93953998,380,0,0,2.0
153686299,150636492,44,0,12,12.0
91702936,88909383,2121,1,0,1.0
36458989,33846882,3017,1,0,1.0
153686309,150636492,612,0,22,22.0
115187351,112347985,3041,1,0,1.0
14240635,13049168,2136,1,0,1.0
28600013,26087390,56,1,0,3.0
106225620,103412500,442,1,0,2.0
106735875,103912435,3017,1,0,2.0
133679790,130789156,616,1,2,2.0
133679816,130789156,304,1,28,28.0
99419242,96615305,2136,1,0,1.0
105258125,102446806,380,0,0,2.0
101676138,98868960,380,0,0,2.0
153890189,150839949,826,0,17,17.0
91281081,88488422,56,1,0,4.0
105717475,102905673,3041,1,0,1.0
102969699,100162056,380,0,0,2.0
31521599,28923116,442,1,0,2.0
153686301,150636492,196,0,14,14.0
151870506,148840165,2136,1,1,1.0
106233932,103420781,380,0,0,2.0
153686290,150636492,212,0,3,3.0
41661091,38998733,442,1,0,2.0
100753400,97948005,3041,1,0,1.0
110871390,108041881,442,0,0,3.0
112672357,109842076,2136,1,0,1.0
105717477,102905673,442,1,0,3.0
153686293,150636492,52,0,6,6.0
117597626,114754131,380,0,0,2.0
133679819,130789156,300,1,31,31.0
106272898,103454693,2136,1,0,1.0
115257300,112417523,3041,1,0,1.0
93408168,90612054,3041,1,0,1.0
106170146,103357383,3017,0,0,2.0
102536909,99729369,2136,1,0,1.0
114012872,111176447,3041,1,0,1.0
116717053,113874634,380,0,0,2.0
133679805,130789156,56,1,17,17.0
94875885,92077254,2136,1,0,1.0
105263690,102452308,2136,1,0,1.0
102969698,100162056,2136,1,0,1.0
102948881,100141285,2136,1,0,1.0
39045429,36415257,3017,1,0,2.0
14314987,13096600,276,1,0,2.0
116244231,113402329,380,0,0,2.0
133679791,130789156,203,1,3,3.0
98990247,96186668,3041,1,0,1.0
90862600,88071631,56,1,0,4.0
115257303,112417523,56,1,0,4.0
106207793,103394593,124,0,0,4.0
91281080,88488422,442,1,0,3.0
133679817,130789156,250,1,29,29.0
105717478,102905673,56,1,0,4.0
92967675,90171959,442,1,0,3.0
153890204,150839949,372,0,32,32.0
133679815,130789156,234,1,27,27.0
133679811,130789156,208,1,23,23.0
31549138,28950404,380,0,0,2.0
153890187,150839949,90,0,15,15.0
99419243,96615305,380,0,0,2.0
106735876,103912435,442,1,0,3.0
106225621,103412500,3017,0,0,3.0
36458991,33846882,56,1,0,3.0
153890192,150839949,520,0,20,20.0
95856970,93056958,2136,1,0,1.0
103383791,100576035,2136,1,0,1.0
133679802,130789156,807,1,14,14.0
155665617,152593202,56,1,4,4.0
133679823,130789156,826,1,35,35.0
102087167,99279859,380,0,0,2.0
28600017,26087390,504,0,0,7.0
102087166,99279859,2136,1,0,1.0
89981318,87197309,2136,1,0,1.0
114682448,111843841,380,0,0,2.0
29828680,27257278,2136,1,0,1.0
22194422,19778608,2121,1,0,1.0
153686306,150636492,296,0,19,19.0
115257622,112417672,2136,1,0,1.0
103374621,100566982,2136,1,0,1.0
103842824,101034259,2136,1,0,1.0
110853666,108024264,3041,1,0,1.0
58608534,55912322,2121,1,0,1.0
36458992,33846882,818,0,0,4.0
93965706,91168156,442,1,0,2.0
14189892,13020245,3017,1,0,1.0
153686317,150636492,2115,0,30,30.0
106283683,103465210,442,1,2,2.0
155783122,152708878,2136,1,1,1.0
133679820,130789156,360,1,32,32.0
92120447,89326374,2136,1,0,1.0
95856963,93056953,3017,1,0,2.0
98979234,96175707,2136,1,0,1.0
107786426,104960167,442,1,0,3.0
96729526,93929135,2136,1,0,1.0
107732547,104906673,2136,1,0,1.0
30736912,28140152,380,0,0,2.0
168094129,164875894,2136,1,1,1.0
117164056,114321088,442,1,0,3.0
107776925,104950738,380,0,0,2.0
109377364,106550083,3041,1,0,1.0
115264598,112424363,3017,1,0,2.0
103374622,100566982,380,0,0,2.0
102948882,100141285,380,0,0,2.0
133679796,130789156,100,1,8,8.0
153686319,150636492,372,0,32,32.0
102530807,99723442,380,0,0,2.0
103833730,101025344,442,1,0,3.0
14189893,13020245,56,1,0,2.0
92548276,89752919,2136,1,0,1.0
99436795,96632498,380,0,0,2.0
153890200,150839949,574,0,28,28.0
153686310,150636492,776,0,23,23.0
153890198,150839949,166,0,26,26.0
151703301,148676392,3017,1,1,1.0
102101569,99294359,124,0,0,4.0
153890180,150839949,659,0,8,8.0
93959107,91161618,2136,1,0,1.0
106170147,103357383,442,0,0,3.0
91694385,88901144,2136,1,0,1.0
133679799,130789156,499,1,11,11.0
133679797,130789156,191,1,9,9.0
153890196,150839949,598,0,24,24.0
153890190,150839949,470,0,18,18.0
99419167,96615271,3017,1,0,2.0
117164055,114321088,3017,1,0,2.0
14258062,13059447,380,0,0,2.0
114012873,111176447,3017,1,0,2.0
95856962,93056953,3041,1,0,1.0
104830148,102018932,380,0,0,2.0
153686288,150636492,2136,1,1,1.0
115187354,112347985,56,1,0,4.0
106177157,103364088,380,0,0,2.0
117580451,114737395,2136,1,0,1.0
28600016,26087390,760,0,0,6.0
4152994,3821783,2136,1,0,1.0
97985056,95182883,2136,1,0,1.0
110404595,107575399,2136,1,0,1.0
129844002,126960216,2136,1,0,1.0
88657597,85880359,140,1,0,26.0
88661273,85883922,670,1,0,7.0
88661278,85883922,480,1,0,12.0
14186722,13018473,442,0,0,2.0
88661293,85883922,174,1,0,27.0
88661290,85883922,204,1,0,24.0
88657572,85880359,2120,1,0,1.0
88657582,85880359,478,1,0,11.0
88657575,85880359,768,1,0,4.0
88657596,85880359,148,1,0,25.0
14186723,13018473,792,0,0,3.0
88661289,85883922,258,1,0,23.0
102536895,99729360,2136,1,0,1.0
29751265,27215854,3017,1,0,1.0
88657598,85880359,120,1,0,27.0
73392009,70658695,2136,1,0,1.0
89075515,86296615,2136,1,0,1.0
88661297,85883922,52,1,0,31.0
88657579,85880359,540,1,0,8.0
71990518,69261725,2136,1,0,1.0
88661280,85883922,466,1,0,14.0
88661270,85883922,768,1,0,4.0
88657591,85880359,258,1,0,20.0
88661294,85883922,148,1,0,28.0
88661291,85883922,196,1,0,25.0
88661288,85883922,262,1,0,22.0
91702948,88909395,2121,1,0,1.0
88657587,85880359,324,1,0,16.0
88657581,85880359,480,1,0,10.0
88661267,85883922,2120,1,0,1.0
115730046,112889294,2136,1,0,1.0
88657578,85880359,562,1,0,7.0
71990375,69261686,2136,1,0,1.0
36468761,33851402,3017,1,0,1.0
24197826,21741810,2121,1,0,1.0
29751266,27215854,442,0,0,2.0
14289461,13077999,2136,1,0,1.0
88661286,85883922,268,1,0,20.0
29864075,27277522,2121,1,0,1.0
88661272,85883922,686,1,0,6.0
88657584,85880359,398,1,0,13.0
27253555,24747792,2136,1,0,1.0
88661283,85883922,384,1,0,17.0
88661271,85883922,736,1,0,5.0
14191904,13021374,2136,1,0,1.0
88661298,85883922,44,1,0,32.0
88657595,85880359,174,1,0,24.0
88661279,85883922,478,1,0,13.0
73399433,70661854,2136,1,0,1.0
29781670,27231786,2136,1,0,1.0
88661295,85883922,140,1,0,29.0
88661285,85883922,324,1,0,19.0
88657593,85880359,196,1,0,22.0
88661269,85883922,788,1,0,3.0
88661299,85883922,12,1,0,33.0
88661284,85883922,376,1,0,18.0
88661277,85883922,504,1,0,11.0
88661287,85883922,266,1,0,21.0
88657599,85880359,12,1,0,28.0
36468762,33851402,442,0,0,2.0
88657577,85880359,686,1,0,6.0
88657573,85880359,792,1,0,2.0
29841835,27264766,2136,1,0,1.0
14258469,13059686,442,0,0,2.0
88661282,85883922,388,1,0,16.0
88657588,85880359,268,1,0,17.0
88661268,85883922,792,1,0,2.0
88661275,85883922,562,1,0,9.0
88657592,85880359,204,1,0,21.0
88657576,85880359,736,1,0,5.0
88657580,85880359,504,1,0,9.0
88661276,85883922,540,1,0,10.0
89083370,86303981,2136,1,0,1.0
88661281,85883922,398,1,0,15.0
88657589,85880359,266,1,0,18.0
88657574,85880359,788,1,0,3.0
88661274,85883922,662,1,0,8.0
88661292,85883922,178,1,0,26.0
14258468,13059686,3017,1,0,1.0
88657594,85880359,178,1,0,23.0
88657583,85880359,466,1,0,12.0
88661296,85883922,120,1,0,30.0
88657586,85880359,376,1,0,15.0
56964607,54272507,2136,1,0,1.0
14186721,13018473,3017,1,0,1.0
88657590,85880359,262,1,0,19.0
89545720,86765007,2136,1,0,1.0
88657585,85880359,384,1,0,14.0
1738099,1600148,100,1,0,1.0
1738100,1600148,642,1,0,2.0
1738101,1600148,276,1,0,3.0
1738105,1600148,200,1,0,4.0
1738106,1600148,616,1,0,5.0
1738107,1600148,890,1,0,6.0
1738108,1600148,348,1,0,7.0
1738109,1600148,810,1,0,8.0
1738112,1600154,2136,1,0,1.0
23426628,20982602,2136,1,0,1.0
41630381,38968804,2136,1,0,1.0
71122474,68396465,2136,1,0,1.0
113964970,111129026,2136,1,0,1.0
148094287,145164376,2136,1,0,1.0
148112266,145182284,2136,1,0,1.0
91281076,88488421,3017,1,0,1.0
117152695,114310060,442,0,0,2.0
91269724,88477218,442,0,0,2.0
109347246,106520262,2136,1,0,1.0
29348842,26818755,2136,1,0,1.0
150446130,147458049,2136,1,1,1.0
109347247,106520262,826,0,0,2.0
26895667,24394736,3017,1,0,1.0
26895668,24394736,442,0,0,2.0
94433588,91635397,442,0,0,2.0
150309994,147323592,826,0,2,2.0
112194964,109364968,3017,1,0,1.0
150446131,147458049,826,0,2,2.0
112194965,109364968,442,0,0,2.0
150578578,147586844,826,0,2,2.0
94433587,91635397,3017,1,0,1.0
150309993,147323592,2136,1,1,1.0
91269723,88477218,3017,1,0,1.0
14186181,13018290,3017,1,0,1.0
14186182,13018290,442,0,0,2.0
156641765,153534409,3017,1,1,1.0
91281077,88488421,442,0,0,2.0
150578577,147586844,2136,1,1,1.0
156641766,153534409,442,0,2,2.0
117152694,114310060,3017,1,0,1.0
69843476,67120661,2046,1,0,1.0
73396075,70660041,2046,1,0,1.0
73818925,71076790,2046,1,0,1.0
151848058,148817908,3017,1,1,1.0
5136584,4731067,2136,1,0,1.0
5477184,5046253,2136,1,0,1.0
14072173,12927977,620,1,0,1.0
14072174,12927977,724,1,0,2.0
14072175,12927978,56,1,0,1.0
14072176,12927978,180,1,0,2.0
14072177,12927979,2136,1,0,1.0
23581756,21130919,2136,1,0,1.0
41237180,38586349,2136,1,0,1.0
57387903,54693269,2136,1,0,1.0
68087450,65372536,2136,1,0,1.0
70274426,67551177,2136,1,0,1.0
113940943,111105325,2136,1,0,1.0
113999744,111163462,2136,1,0,1.0
129892197,127007659,2136,1,0,1.0
137549455,134650953,2136,1,0,1.0
38848270,36220397,124,0,0,3.0
38848268,36220397,2136,1,0,1.0
14230880,13043809,840,0,0,3.0
14230879,13043809,124,0,0,2.0
17501134,16047421,2136,1,0,1.0
14230878,13043809,2136,1,0,1.0
38848269,36220397,840,0,0,2.0
145933756,143014602,2136,1,1,1.0
154127151,151074968,2136,1,1,1.0
44455690,41784377,2136,1,0,1.0
124618192,121756488,2136,1,0,1.0
125057858,122196080,2136,1,0,1.0
27255235,24749159,372,0,0,3.0
106207798,103394595,372,0,0,3.0
14199546,13025375,2136,1,0,1.0
117633795,114790076,372,0,0,3.0
115281260,112440503,2136,1,0,1.0
92544027,89748759,826,0,0,2.0
98557625,95754195,2136,1,0,1.0
117142316,114299848,2136,1,0,1.0
102972599,100164993,372,0,0,3.0
106207796,103394595,2136,1,0,1.0
14199548,13025375,372,1,0,3.0
98979258,96175726,826,0,0,2.0
98557626,95754195,826,0,0,2.0
27255234,24749159,826,0,0,2.0
93898941,91101787,2136,1,0,1.0
102536953,99729392,372,0,0,3.0
98557627,95754195,372,0,0,3.0
101654081,98847325,826,0,0,2.0
92967804,90172034,826,0,0,2.0
115281262,112440503,372,0,0,3.0
115730078,112889309,372,0,0,3.0
117633794,114790076,826,0,0,2.0
106222768,103409683,372,0,0,3.0
93898943,91101787,372,0,0,3.0
98979259,96175726,372,0,0,3.0
115730077,112889309,826,0,0,2.0
99444988,96640418,372,0,0,3.0
92967803,90172034,2136,1,0,1.0
14199547,13025375,826,1,0,2.0
117142317,114299848,826,0,0,2.0
99444987,96640418,826,0,0,2.0
98979257,96175726,2136,1,0,1.0
92544028,89748759,372,0,0,3.0
102972598,100164993,826,0,0,2.0
91287243,88494263,826,0,0,2.0
115281261,112440503,826,0,0,2.0
91287244,88494263,372,0,0,3.0
115730076,112889309,2136,1,0,1.0
103383828,100576052,826,0,0,2.0
93898942,91101787,826,0,0,2.0
91287242,88494263,2136,1,0,1.0
102972597,100164993,2136,1,0,1.0
106222767,103409683,826,0,0,2.0
117633793,114790076,2136,1,0,1.0
117152857,114310137,826,0,0,2.0
103383829,100576052,372,0,0,3.0
102536952,99729392,826,0,0,2.0
117142318,114299848,372,0,0,3.0
117152856,114310137,2136,1,0,1.0
92544026,89748759,2136,1,0,1.0
101654082,98847325,372,0,0,3.0
27255233,24749159,2136,1,0,1.0
117152858,114310137,372,0,0,3.0
102536951,99729392,2136,1,0,1.0
106222766,103409683,2136,1,0,1.0
106207797,103394595,826,0,0,2.0
103383827,100576052,2136,1,0,1.0
101654080,98847325,2136,1,0,1.0
99444986,96640418,2136,1,0,1.0
92967805,90172034,372,0,0,3.0
14223396,13039679,3017,1,0,1.0
14223397,13039679,56,1,0,2.0
14223398,13039679,480,0,0,3.0
35638057,33032992,3017,1,0,1.0
35638058,33032992,56,1,0,2.0
35638059,33032992,480,0,0,3.0
39047968,36416503,3017,1,0,1.0
39047969,36416503,56,1,0,2.0
39047970,36416503,480,0,0,3.0
91281086,88488424,3017,1,0,1.0
91281087,88488424,56,1,0,2.0
91281088,88488424,480,0,0,3.0
14186380,13018373,2136,1,0,1.0
14188076,13019216,3017,1,0,1.0
14188077,13019216,442,1,0,2.0
14231145,13043943,2136,1,0,1.0
14319745,13100225,3008,1,0,1.0
27254205,24748371,2136,1,0,1.0
29751833,27216165,3017,1,0,1.0
29751834,27216165,442,1,0,2.0
35773520,33167321,3017,1,0,1.0
35773521,33167321,442,1,0,2.0
36039884,33431630,3017,1,0,1.0
36039885,33431630,442,1,0,2.0
90404828,87618168,2136,1,0,1.0
90849034,88058583,2136,1,0,1.0
91269806,88477259,2136,1,0,1.0
92534755,89740382,2136,1,0,1.0
93898851,91101755,3017,1,0,1.0
93898852,91101755,442,1,0,2.0
97968321,95166283,2136,1,0,1.0
98075696,95273233,2136,1,0,1.0
100791984,97985917,2136,1,0,1.0
104367841,101556872,2136,1,0,1.0
105717569,102905714,2136,1,0,1.0
106735925,103912467,2136,1,0,1.0
107285521,104461460,2136,1,0,1.0
112234706,109404591,2136,1,0,1.0
113831670,110997361,2136,1,0,1.0
116678271,113836022,2136,1,0,1.0
117160509,114317563,2136,1,0,1.0
117580730,114737652,2136,1,0,1.0
117633792,114790075,2136,1,0,1.0
117645156,114800213,2136,1,0,1.0
